{
    "StandardBKT": {
        "best_params": {
            "p_init": 0.3524004197273513,
            "p_learn": 0.24667087591710177,
            "p_guess": 0.03481607951117841,
            "p_slip": 0.06638795404854334
        },
        "best_val_auc": 0.636466
    },
    "BKTWithForgetting": {
        "best_params": {
            "p_init": 0.28997796389906855,
            "p_learn": 0.4222134045289749,
            "p_guess": 0.24608557453400098,
            "p_slip": 0.05050598995603682
        },
        "best_val_auc": 0.637073
    },
    "ImprovedBKT": {
        "best_params": {
            "p_init": 0.6198658070345798,
            "p_learn": 0.13193598350001717,
            "p_guess": 0.034755732149662336,
            "p_slip": 0.013674792235210642
        },
        "best_val_auc": 0.637615
    },
    "IndividualizedBKT": {
        "best_params": {
            "p_init": 0.26250413911529713,
            "p_learn": 0.1510930513799627,
            "p_guess": 0.0568393766432837,
            "p_slip": 0.049805058666636814
        },
        "best_val_auc": 0.635666
    },
    "LogisticModel": {
        "best_params": {
            "C": 100.0
        },
        "best_val_auc": 0.643049
    },
    "DeepKnowledgeTracing": {
        "best_params": {
            "learning_rate": 0.0019307113689581246,
            "hidden_size": 32,
            "dropout": 0.23232686482735773,
            "batch_size": 32
        },
        "best_val_auc": 0.716999
    },
    "DeepKnowledgeTracingBiLSTM": {
        "best_params": {
            "learning_rate": 0.00010842916328785808,
            "hidden_size": 128,
            "dropout": 0.4749409710623377,
            "batch_size": 32
        },
        "best_val_auc": 0.697493
    },
    "DeepKnowledgeTracingGRU": {
        "best_params": {
            "learning_rate": 0.0009486035452960828,
            "hidden_size": 64,
            "dropout": 0.39388334760131644,
            "batch_size": 32
        },
        "best_val_auc": 0.717664
    }
}